timestamp, index, utilization.gpu [%], utilization.memory [%], memory.used [MiB], power.draw [W]
2026/10/01 16:21:37.361, 0, 6 %, 1 %, 1342 MiB, 72.05 W
2026/10/01 16:21:37.932, 0, 15 %, 2 %, 1378 MiB, 72.96 W
2026/10/01 16:21:38.433, 0, 10 %, 2 %, 1433 MiB, 71.48 W
2026/10/01 16:21:38.933, 0, 10 %, 1 %, 1492 MiB, 68.83 W
2026/10/01 16:21:39.433, 0, 5 %, 0 %, 1555 MiB, 66.69 W
2026/10/01 16:21:39.934, 0, 9 %, 1 %, 1882 MiB, 64.61 W
2026/10/01 16:21:40.434, 0, 8 %, 1 %, 1881 MiB, 59.40 W
2026/10/01 16:21:40.934, 0, 6 %, 0 %, 1881 MiB, 55.60 W
2026/10/01 16:21:41.434, 0, 6 %, 0 %, 1881 MiB, 54.35 W
2026/10/01 16:21:41.934, 0, 5 %, 0 %, 1881 MiB, 54.18 W
2026/10/01 16:21:42.434, 0, 6 %, 0 %, 2336 MiB, 54.27 W
2026/10/01 16:21:42.935, 0, 5 %, 0 %, 3146 MiB, 54.21 W
2026/10/01 16:21:43.435, 0, 4 %, 0 %, 3184 MiB, 54.07 W
2026/10/01 16:21:43.935, 0, 34 %, 0 %, 3560 MiB, 45.88 W
2026/10/01 16:21:44.435, 0, 37 %, 5 %, 3562 MiB, 49.24 W
2026/10/01 16:21:44.935, 0, 42 %, 5 %, 3562 MiB, 58.42 W
2026/10/01 16:21:45.436, 0, 36 %, 5 %, 3562 MiB, 60.88 W
2026/10/01 16:21:45.936, 0, 37 %, 5 %, 3562 MiB, 61.25 W
2026/10/01 16:21:46.436, 0, 38 %, 4 %, 3562 MiB, 60.48 W
2026/10/01 16:21:46.936, 0, 37 %, 4 %, 3562 MiB, 60.14 W
2026/10/01 16:21:47.436, 0, 39 %, 4 %, 3562 MiB, 60.10 W
2026/10/01 16:21:47.936, 0, 37 %, 4 %, 3562 MiB, 60.06 W
2026/10/01 16:21:48.437, 0, 37 %, 4 %, 3562 MiB, 59.87 W
2026/10/01 16:21:48.937, 0, 37 %, 4 %, 3562 MiB, 59.95 W
2026/10/01 16:21:49.437, 0, 37 %, 4 %, 3562 MiB, 60.14 W
2026/10/01 16:21:49.937, 0, 37 %, 4 %, 3562 MiB, 60.03 W
2026/10/01 16:21:50.438, 0, 41 %, 5 %, 3562 MiB, 59.84 W
2026/10/01 16:21:50.938, 0, 39 %, 5 %, 3562 MiB, 59.82 W
2026/10/01 16:21:51.438, 0, 38 %, 4 %, 3562 MiB, 59.85 W
2026/10/01 16:21:51.938, 0, 39 %, 4 %, 3562 MiB, 59.86 W
2026/10/01 16:21:52.438, 0, 38 %, 4 %, 3562 MiB, 59.72 W
2026/10/01 16:21:52.939, 0, 40 %, 4 %, 3562 MiB, 59.55 W
2026/10/01 16:21:53.439, 0, 40 %, 4 %, 3562 MiB, 59.62 W
2026/10/01 16:21:53.939, 0, 40 %, 5 %, 3562 MiB, 59.61 W
2026/10/01 16:21:54.439, 0, 40 %, 4 %, 3562 MiB, 59.44 W
2026/10/01 16:21:54.939, 0, 39 %, 4 %, 3562 MiB, 59.36 W
2026/10/01 16:21:55.440, 0, 38 %, 4 %, 3562 MiB, 59.38 W
2026/10/01 16:21:55.940, 0, 39 %, 4 %, 3562 MiB, 59.39 W
2026/10/01 16:21:56.440, 0, 39 %, 4 %, 3562 MiB, 59.56 W
2026/10/01 16:21:56.940, 0, 39 %, 4 %, 3562 MiB, 59.77 W
2026/10/01 16:21:57.440, 0, 40 %, 5 %, 3562 MiB, 59.93 W
2026/10/01 16:21:57.941, 0, 39 %, 5 %, 3562 MiB, 59.98 W
2026/10/01 16:21:58.441, 0, 39 %, 4 %, 3562 MiB, 59.97 W
2026/10/01 16:21:58.941, 0, 39 %, 4 %, 3562 MiB, 60.02 W
2026/10/01 16:21:59.441, 0, 38 %, 4 %, 3562 MiB, 59.94 W
2026/10/01 16:21:59.942, 0, 39 %, 4 %, 3562 MiB, 59.64 W
2026/10/01 16:22:00.442, 0, 40 %, 4 %, 3572 MiB, 59.34 W
2026/10/01 16:22:00.942, 0, 39 %, 4 %, 3572 MiB, 59.46 W
2026/10/01 16:22:01.442, 0, 40 %, 4 %, 3572 MiB, 59.65 W
2026/10/01 16:22:01.942, 0, 39 %, 4 %, 3572 MiB, 59.58 W
2026/10/01 16:22:02.443, 0, 40 %, 4 %, 3562 MiB, 59.54 W
2026/10/01 16:22:02.943, 0, 39 %, 4 %, 3562 MiB, 59.71 W
2026/10/01 16:22:03.443, 0, 40 %, 4 %, 3562 MiB, 59.88 W
2026/10/01 16:22:03.943, 0, 38 %, 4 %, 3562 MiB, 60.04 W
2026/10/01 16:22:04.443, 0, 40 %, 4 %, 3562 MiB, 60.09 W
2026/10/01 16:22:04.944, 0, 40 %, 5 %, 3562 MiB, 59.99 W
2026/10/01 16:22:05.444, 0, 39 %, 5 %, 3562 MiB, 60.07 W
2026/10/01 16:22:05.944, 0, 39 %, 4 %, 3562 MiB, 60.07 W
2026/10/01 16:22:06.444, 0, 39 %, 4 %, 3562 MiB, 60.07 W
2026/10/01 16:22:06.944, 0, 39 %, 4 %, 3562 MiB, 60.08 W
2026/10/01 16:22:07.445, 0, 39 %, 4 %, 3562 MiB, 60.06 W
2026/10/01 16:22:07.945, 0, 39 %, 4 %, 3562 MiB, 59.97 W
2026/10/01 16:22:08.445, 0, 39 %, 5 %, 3562 MiB, 59.93 W
2026/10/01 16:22:08.945, 0, 39 %, 5 %, 3562 MiB, 59.95 W
2026/10/01 16:22:09.445, 0, 40 %, 5 %, 3562 MiB, 59.95 W
2026/10/01 16:22:09.945, 0, 40 %, 5 %, 3562 MiB, 59.85 W
2026/10/01 16:22:10.446, 0, 40 %, 4 %, 3562 MiB, 59.90 W
2026/10/01 16:22:10.946, 0, 39 %, 4 %, 3562 MiB, 59.91 W
2026/10/01 16:22:11.446, 0, 40 %, 5 %, 3562 MiB, 59.99 W
2026/10/01 16:22:11.946, 0, 38 %, 4 %, 3562 MiB, 60.05 W
2026/10/01 16:22:12.446, 0, 39 %, 4 %, 3562 MiB, 59.99 W
2026/10/01 16:22:12.946, 0, 39 %, 4 %, 3562 MiB, 59.86 W
2026/10/01 16:22:13.447, 0, 40 %, 5 %, 3562 MiB, 59.60 W
2026/10/01 16:22:13.947, 0, 40 %, 5 %, 3562 MiB, 59.51 W
2026/10/01 16:22:14.447, 0, 40 %, 5 %, 3562 MiB, 59.60 W
2026/10/01 16:22:14.947, 0, 39 %, 5 %, 3562 MiB, 59.72 W
2026/10/01 16:22:15.447, 0, 39 %, 4 %, 3562 MiB, 59.58 W
2026/10/01 16:22:15.947, 0, 39 %, 4 %, 3562 MiB, 59.29 W
2026/10/01 16:22:16.448, 0, 40 %, 5 %, 3562 MiB, 59.28 W
2026/10/01 16:22:16.948, 0, 39 %, 4 %, 3562 MiB, 59.57 W
2026/10/01 16:22:17.448, 0, 39 %, 4 %, 3562 MiB, 59.63 W
2026/10/01 16:22:17.948, 0, 39 %, 5 %, 3562 MiB, 59.68 W
2026/10/01 16:22:18.448, 0, 40 %, 4 %, 3562 MiB, 59.53 W
2026/10/01 16:22:18.948, 0, 39 %, 4 %, 3562 MiB, 59.27 W
2026/10/01 16:22:19.449, 0, 40 %, 4 %, 3562 MiB, 58.98 W
2026/10/01 16:22:19.949, 0, 40 %, 5 %, 3562 MiB, 59.45 W
2026/10/01 16:22:20.449, 0, 40 %, 5 %, 3562 MiB, 59.63 W
2026/10/01 16:22:20.949, 0, 39 %, 5 %, 3562 MiB, 59.70 W
2026/10/01 16:22:21.449, 0, 40 %, 4 %, 3562 MiB, 59.48 W
2026/10/01 16:22:21.950, 0, 39 %, 4 %, 3562 MiB, 59.50 W
2026/10/01 16:22:22.450, 0, 40 %, 4 %, 3562 MiB, 59.24 W
2026/10/01 16:22:22.950, 0, 40 %, 5 %, 3562 MiB, 59.46 W
2026/10/01 16:22:23.450, 0, 37 %, 4 %, 3562 MiB, 59.54 W
2026/10/01 16:22:23.950, 0, 40 %, 5 %, 3562 MiB, 59.41 W
2026/10/01 16:22:24.450, 0, 38 %, 4 %, 3562 MiB, 59.34 W
2026/10/01 16:22:24.950, 0, 40 %, 4 %, 3562 MiB, 59.63 W
2026/10/01 16:22:25.451, 0, 40 %, 5 %, 3562 MiB, 59.50 W
2026/10/01 16:22:25.951, 0, 41 %, 5 %, 3562 MiB, 59.64 W
2026/10/01 16:22:26.451, 0, 39 %, 5 %, 3562 MiB, 59.83 W
2026/10/01 16:22:26.951, 0, 40 %, 5 %, 3562 MiB, 60.06 W
2026/10/01 16:22:27.451, 0, 38 %, 4 %, 3562 MiB, 59.97 W
2026/10/01 16:22:27.951, 0, 40 %, 4 %, 3562 MiB, 59.72 W
2026/10/01 16:22:28.452, 0, 40 %, 5 %, 3562 MiB, 59.62 W
2026/10/01 16:22:28.952, 0, 40 %, 5 %, 3562 MiB, 59.97 W
2026/10/01 16:22:29.452, 0, 40 %, 4 %, 3562 MiB, 60.22 W
2026/10/01 16:22:29.952, 0, 41 %, 5 %, 3562 MiB, 60.34 W
2026/10/01 16:22:30.452, 0, 22 %, 2 %, 3562 MiB, 58.71 W
2026/10/01 16:22:30.953, 0, 39 %, 4 %, 3562 MiB, 58.40 W
2026/10/01 16:22:31.453, 0, 39 %, 4 %, 3562 MiB, 59.01 W
2026/10/01 16:22:31.953, 0, 40 %, 5 %, 3562 MiB, 60.42 W
2026/10/01 16:22:32.453, 0, 39 %, 5 %, 2486 MiB, 60.39 W
