episode_id,family,HX-CONTRACT,HX-PROMPT
hexar-tiago-dev-charging-0029,charging,PASS,PASS
hexar-tiago-dev-dynamic_env-0032,dynamic_env,PASS,PASS
hexar-tiago-dev-localization-0027,localization,PASS,PASS
hexar-tiago-dev-manual_joystick-0024,manual_joystick,PASS,PASS
hexar-tiago-dev-obstacle-0028,obstacle,PASS,PASS
hexar-tiago-dev-success-0017,success,PASS,PASS
hexar-tiago-dev-charging-0019,charging,PASS,PASS
hexar-tiago-dev-dynamic_env-0038,dynamic_env,PASS,PASS
hexar-tiago-dev-localization-0023,localization,PASS,PASS
hexar-tiago-dev-manual_joystick-0032,manual_joystick,PASS,PASS
hexar-tiago-dev-obstacle-0017,obstacle,PASS,PASS
hexar-tiago-dev-success-0027,success,PASS,FAIL
hexar-tiago-dev-charging-0022,charging,PASS,PASS
hexar-tiago-dev-dynamic_env-0020,dynamic_env,PASS,PASS
hexar-tiago-dev-localization-0022,localization,PASS,PASS
hexar-tiago-dev-manual_joystick-0025,manual_joystick,PASS,FAIL
hexar-tiago-dev-obstacle-0020,obstacle,PASS,PASS
hexar-tiago-dev-success-0026,success,PASS,PASS
hexar-tiago-dev-charging-0033,charging,PASS,PASS
hexar-tiago-dev-dynamic_env-0029,dynamic_env,PASS,PASS
hexar-tiago-dev-localization-0017,localization,PASS,PASS
hexar-tiago-dev-manual_joystick-0039,manual_joystick,PASS,PASS
hexar-tiago-dev-obstacle-0039,obstacle,PASS,PASS
hexar-tiago-dev-success-0031,success,PASS,FAIL
hexar-tiago-dev-charging-0037,charging,PASS,PASS
hexar-tiago-dev-dynamic_env-0021,dynamic_env,PASS,PASS
hexar-tiago-dev-localization-0021,localization,PASS,PASS
hexar-tiago-dev-manual_joystick-0034,manual_joystick,PASS,PASS
hexar-tiago-dev-obstacle-0027,obstacle,PASS,PASS
hexar-tiago-dev-success-0033,success,UNRESOLVED,UNRESOLVED
hexar-tiago-dev-charging-0038,charging,UNRESOLVED,UNRESOLVED
hexar-tiago-dev-dynamic_env-0033,dynamic_env,UNRESOLVED,UNRESOLVED
hexar-tiago-dev-localization-0031,localization,UNRESOLVED,UNRESOLVED
hexar-tiago-dev-manual_joystick-0021,manual_joystick,UNRESOLVED,UNRESOLVED
hexar-tiago-dev-obstacle-0023,obstacle,UNRESOLVED,UNRESOLVED
hexar-tiago-dev-success-0028,success,UNRESOLVED,UNRESOLVED
