path,role,lifecycle,notes
analysis/adjudicate_annotations.py,cli-or-analysis,active-candidate,Review against active manifest before migration
analysis/adjudicate_diagnostic_annotations.py,cli-or-analysis,active-candidate,Review against active manifest before migration
analysis/adjudicate_evidence_calibration_annotations.py,cli-or-analysis,active-candidate,Review against active manifest before migration
analysis/aggregate_luna_v7_endpoint_extension.py,cli-or-analysis,active-candidate,Review against active manifest before migration
analysis/analyze_evidence_calibration.py,cli-or-analysis,active-candidate,Review against active manifest before migration
analysis/analyze_evidence_calibration_five_methods.py,cli-or-analysis,active-candidate,Review against active manifest before migration
analysis/analyze_handoff_frozen_confirmation.py,cli-or-analysis,active-candidate,Review against active manifest before migration
analysis/analyze_provenance_study.py,cli-or-analysis,active-candidate,Review against active manifest before migration
analysis/annotation_workbench.py,cli-or-analysis,active-candidate,Review against active manifest before migration
analysis/audit_b2_transport_readiness.py,cli-or-analysis,active-candidate,Review against active manifest before migration
analysis/audit_claim_aware_realization_v2.py,cli-or-analysis,active-candidate,Review against active manifest before migration
analysis/audit_command_motion_layout_freshness.py,cli-or-analysis,active-candidate,Review against active manifest before migration
analysis/audit_command_motion_window_claim.py,cli-or-analysis,active-candidate,Review against active manifest before migration
analysis/audit_diagnostic_language_candidates.py,cli-or-analysis,active-candidate,Review against active manifest before migration
analysis/audit_evidence_calibration_atomization_review.py,cli-or-analysis,active-candidate,Review against active manifest before migration
analysis/audit_evidence_calibration_atomization_v1_disposition.py,cli-or-analysis,active-candidate,Review against active manifest before migration
analysis/audit_evidence_calibration_atomization_v2_disposition.py,cli-or-analysis,active-candidate,Review against active manifest before migration
analysis/audit_evidence_calibration_attachment_boundary.py,cli-or-analysis,active-candidate,Review against active manifest before migration
analysis/audit_evidence_calibration_b2_requests.py,cli-or-analysis,active-candidate,Review against active manifest before migration
analysis/audit_evidence_calibration_baseline_requests.py,cli-or-analysis,active-candidate,Review against active manifest before migration
analysis/audit_evidence_calibration_claim_role_freeze.py,cli-or-analysis,active-candidate,Review against active manifest before migration
analysis/audit_evidence_calibration_claim_role_outcome.py,cli-or-analysis,active-candidate,Review against active manifest before migration
analysis/audit_evidence_calibration_claim_role_qualification.py,cli-or-analysis,active-candidate,Review against active manifest before migration
analysis/audit_evidence_calibration_claim_role_v2_desk_review.py,cli-or-analysis,active-candidate,Review against active manifest before migration
analysis/audit_evidence_calibration_claim_role_v2_reference_adjudication.py,cli-or-analysis,active-candidate,Review against active manifest before migration
analysis/audit_evidence_calibration_claim_role_v2r2_final_review.py,cli-or-analysis,active-candidate,Review against active manifest before migration
analysis/audit_evidence_calibration_claim_role_v2r2_freeze.py,cli-or-analysis,active-candidate,Review against active manifest before migration
analysis/audit_evidence_calibration_claim_role_v2r2_outcome.py,cli-or-analysis,active-candidate,Review against active manifest before migration
analysis/audit_evidence_calibration_claim_role_v2r2_qualification.py,cli-or-analysis,active-candidate,Review against active manifest before migration
analysis/audit_evidence_calibration_combined_support_canary.py,cli-or-analysis,active-candidate,Review against active manifest before migration
analysis/audit_evidence_calibration_context_capacity.py,cli-or-analysis,active-candidate,Review against active manifest before migration
analysis/audit_evidence_calibration_error_budget.py,cli-or-analysis,active-candidate,Review against active manifest before migration
analysis/audit_evidence_calibration_method_preparation.py,cli-or-analysis,active-candidate,Review against active manifest before migration
analysis/audit_evidence_calibration_namespace_lifecycle.py,cli-or-analysis,active-candidate,Review against active manifest before migration
analysis/audit_evidence_calibration_neutral_level_canary.py,cli-or-analysis,active-candidate,Review against active manifest before migration
analysis/audit_evidence_calibration_neutral_level_canary_v2.py,cli-or-analysis,active-candidate,Review against active manifest before migration
analysis/audit_evidence_calibration_neutral_level_qualification_v2.py,cli-or-analysis,active-candidate,Review against active manifest before migration
analysis/audit_evidence_calibration_neutral_level_terminal.py,cli-or-analysis,active-candidate,Review against active manifest before migration
analysis/audit_evidence_calibration_ontology_v2_wording.py,cli-or-analysis,active-candidate,Review against active manifest before migration
analysis/audit_evidence_calibration_pilot_atomic_inventory_batch_9.py,cli-or-analysis,active-candidate,Review against active manifest before migration
analysis/audit_evidence_calibration_pilot_atomic_inventory_project_review_v2.py,cli-or-analysis,active-candidate,Review against active manifest before migration
analysis/audit_evidence_calibration_pilot_atomization.py,cli-or-analysis,active-candidate,Review against active manifest before migration
analysis/audit_evidence_calibration_pilot_deictic_limitation_review.py,cli-or-analysis,active-candidate,Review against active manifest before migration
analysis/audit_evidence_calibration_pilot_extractor_tag_triage.py,cli-or-analysis,active-candidate,Review against active manifest before migration
analysis/audit_evidence_calibration_pilot_full_bank_actor_triage.py,cli-or-analysis,active-candidate,Review against active manifest before migration
analysis/audit_evidence_calibration_pilot_handoff.py,cli-or-analysis,active-candidate,Review against active manifest before migration
analysis/audit_evidence_calibration_pilot_inventory_prefix_project_review.py,cli-or-analysis,active-candidate,Review against active manifest before migration
analysis/audit_evidence_calibration_pilot_inventory_triage.py,cli-or-analysis,active-candidate,Review against active manifest before migration
analysis/audit_evidence_calibration_pilot_manual_inventory.py,cli-or-analysis,active-candidate,Review against active manifest before migration
analysis/audit_evidence_calibration_pilot_question_dependent_inventories.py,cli-or-analysis,active-candidate,Review against active manifest before migration
analysis/audit_evidence_calibration_pilot_remaining_complete_inventories.py,cli-or-analysis,active-candidate,Review against active manifest before migration
analysis/audit_evidence_calibration_pilot_role_canary.py,cli-or-analysis,active-candidate,Review against active manifest before migration
analysis/audit_evidence_calibration_pilot_role_continuation.py,cli-or-analysis,active-candidate,Review against active manifest before migration
analysis/audit_evidence_calibration_pilot_role_continuation_canary.py,cli-or-analysis,active-candidate,Review against active manifest before migration
analysis/audit_evidence_calibration_pilot_role_inputs.py,cli-or-analysis,active-candidate,Review against active manifest before migration
analysis/audit_evidence_calibration_pilot_role_prefix_project_review.py,cli-or-analysis,active-candidate,Review against active manifest before migration
analysis/audit_evidence_calibration_pilot_role_prefix_variance.py,cli-or-analysis,active-candidate,Review against active manifest before migration
analysis/audit_evidence_calibration_pilot_role_returns.py,cli-or-analysis,active-candidate,Review against active manifest before migration
analysis/audit_evidence_calibration_pilot_rubric_bundle.py,cli-or-analysis,active-candidate,Review against active manifest before migration
analysis/audit_evidence_calibration_pilot_source_context_bundle.py,cli-or-analysis,active-candidate,Review against active manifest before migration
analysis/audit_evidence_calibration_pilot_support_packets.py,cli-or-analysis,active-candidate,Review against active manifest before migration
analysis/audit_evidence_calibration_restored_runtime_parity.py,cli-or-analysis,active-candidate,Review against active manifest before migration
analysis/audit_evidence_calibration_runtime_tree.py,cli-or-analysis,active-candidate,Review against active manifest before migration
analysis/audit_evidence_calibration_tree_cpu_accounting.py,cli-or-analysis,active-candidate,Review against active manifest before migration
analysis/audit_explicit_causal_links.py,cli-or-analysis,active-candidate,Review against active manifest before migration
analysis/audit_model_artifact_manifest.py,cli-or-analysis,active-candidate,Review against active manifest before migration
analysis/audit_retained_run_annotation_inventory.py,cli-or-analysis,active-candidate,Review against active manifest before migration
analysis/build_adjudication_handoff.py,cli-or-analysis,active-candidate,Review against active manifest before migration
analysis/build_agent_atomic_claim_annotation_packets.py,cli-or-analysis,active-candidate,Review against active manifest before migration
analysis/build_atomic_claim_annotation_packets.py,cli-or-analysis,active-candidate,Review against active manifest before migration
analysis/build_blinded_annotation_packet.py,cli-or-analysis,active-candidate,Review against active manifest before migration
analysis/build_causal_restraint_successor_schedule.py,cli-or-analysis,active-candidate,Review against active manifest before migration
analysis/build_checked_composition_annotation_reference.py,cli-or-analysis,active-candidate,Review against active manifest before migration
analysis/build_command_motion_composition_packet.py,cli-or-analysis,active-candidate,Review against active manifest before migration
analysis/build_command_motion_composition_packet_v2.py,cli-or-analysis,active-candidate,Review against active manifest before migration
analysis/build_command_motion_missing_reference_v2.py,cli-or-analysis,active-candidate,Review against active manifest before migration
analysis/build_command_motion_reference_v2.py,cli-or-analysis,active-candidate,Review against active manifest before migration
analysis/build_command_motion_reference_v3.py,cli-or-analysis,active-candidate,Review against active manifest before migration
analysis/build_contract_complete_annotation_packet.py,cli-or-analysis,active-candidate,Review against active manifest before migration
analysis/build_contract_complete_annotation_reference.py,cli-or-analysis,active-candidate,Review against active manifest before migration
analysis/build_contract_complete_annotation_reference_v2.py,cli-or-analysis,active-candidate,Review against active manifest before migration
analysis/build_contract_complete_luna_qualification.py,cli-or-analysis,active-candidate,Review against active manifest before migration
analysis/build_contract_complete_luna_qualification_v2.py,cli-or-analysis,active-candidate,Review against active manifest before migration
analysis/build_contract_complete_pilot_schedule.py,cli-or-analysis,active-candidate,Review against active manifest before migration
analysis/build_contract_complete_v2_pilot_schedule.py,cli-or-analysis,active-candidate,Review against active manifest before migration
analysis/build_contract_limit_luna_qualification.py,cli-or-analysis,active-candidate,Review against active manifest before migration
analysis/build_contract_limit_v4_pilot_schedule.py,cli-or-analysis,active-candidate,Review against active manifest before migration
analysis/build_contract_primary_causal_luna_qualification.py,cli-or-analysis,active-candidate,Review against active manifest before migration
analysis/build_contract_primary_causal_luna_qualification_v2.py,cli-or-analysis,active-candidate,Review against active manifest before migration
analysis/build_coverage_complete_v4_annotation_reference.py,cli-or-analysis,active-candidate,Review against active manifest before migration
analysis/build_coverage_complete_v4_evidence_complete_reference.py,cli-or-analysis,active-candidate,Review against active manifest before migration
analysis/build_diagnostic_annotation_form.py,cli-or-analysis,active-candidate,Review against active manifest before migration
analysis/build_diagnostic_annotation_packet.py,cli-or-analysis,active-candidate,Review against active manifest before migration
analysis/build_evidence_calibration_agent_qualification.py,cli-or-analysis,active-candidate,Review against active manifest before migration
analysis/build_evidence_calibration_agent_qualification_v2.py,cli-or-analysis,active-candidate,Review against active manifest before migration
analysis/build_evidence_calibration_agent_qualification_v3.py,cli-or-analysis,active-candidate,Review against active manifest before migration
analysis/build_evidence_calibration_agent_qualification_v4.py,cli-or-analysis,active-candidate,Review against active manifest before migration
analysis/build_evidence_calibration_atomization_bank.py,cli-or-analysis,active-candidate,Review against active manifest before migration
analysis/build_evidence_calibration_combined_support_canary.py,cli-or-analysis,active-candidate,Review against active manifest before migration
analysis/build_evidence_calibration_five_method_packet_candidate.py,cli-or-analysis,active-candidate,Review against active manifest before migration
analysis/build_evidence_calibration_method_packets.py,cli-or-analysis,active-candidate,Review against active manifest before migration
analysis/build_evidence_calibration_neutral_level_suite.py,cli-or-analysis,active-candidate,Review against active manifest before migration
analysis/build_evidence_calibration_neutral_level_suite_v2.py,cli-or-analysis,active-candidate,Review against active manifest before migration
analysis/build_evidence_calibration_nominal_alignment.py,cli-or-analysis,active-candidate,Review against active manifest before migration
analysis/build_evidence_calibration_pilot_inventory_review.py,cli-or-analysis,active-candidate,Review against active manifest before migration
analysis/build_evidence_calibration_pilot_question_context.py,cli-or-analysis,active-candidate,Review against active manifest before migration
analysis/build_evidence_calibration_pilot_role_inputs.py,cli-or-analysis,active-candidate,Review against active manifest before migration
analysis/build_evidence_calibration_pilot_rubric.py,cli-or-analysis,active-candidate,Review against active manifest before migration
analysis/build_evidence_calibration_pilot_rubric_bundle.py,cli-or-analysis,active-candidate,Review against active manifest before migration
analysis/build_evidence_calibration_pilot_source_context.py,cli-or-analysis,active-candidate,Review against active manifest before migration
analysis/build_evidence_calibration_pilot_source_context_bundle.py,cli-or-analysis,active-candidate,Review against active manifest before migration
analysis/build_evidence_calibration_pilot_support_packets.py,cli-or-analysis,active-candidate,Review against active manifest before migration
analysis/build_evidence_calibration_reference.py,cli-or-analysis,active-candidate,Review against active manifest before migration
analysis/build_evidence_calibration_role_disposition.py,cli-or-analysis,active-candidate,Review against active manifest before migration
analysis/build_evidence_calibration_runtime_snapshot.py,cli-or-analysis,active-candidate,Review against active manifest before migration
analysis/build_fgh_runtime_presentation.py,cli-or-analysis,active-candidate,Review against active manifest before migration
analysis/build_final_provenance_split.py,cli-or-analysis,active-candidate,Review against active manifest before migration
analysis/build_focused_activation_packet_dry_run.py,cli-or-analysis,active-candidate,Review against active manifest before migration
analysis/build_focused_annotation_reference_v2.py,cli-or-analysis,active-candidate,Review against active manifest before migration
analysis/build_focused_annotation_reference_v3.py,cli-or-analysis,active-candidate,Review against active manifest before migration
analysis/build_focused_command_motion_reference.py,cli-or-analysis,active-candidate,Review against active manifest before migration
analysis/build_focused_resource_freeze.py,cli-or-analysis,active-candidate,Review against active manifest before migration
analysis/build_geometric_composition_packet.py,cli-or-analysis,active-candidate,Review against active manifest before migration
analysis/build_geometric_composition_packet_v2.py,cli-or-analysis,active-candidate,Review against active manifest before migration
analysis/build_geometric_composition_packet_v3.py,cli-or-analysis,active-candidate,Review against active manifest before migration
analysis/build_geometric_composition_packet_v4.py,cli-or-analysis,active-candidate,Review against active manifest before migration
analysis/build_geometric_composition_packet_v5.py,cli-or-analysis,active-candidate,Review against active manifest before migration
analysis/build_handoff_confirmation_scoring_cases.py,cli-or-analysis,active-candidate,Review against active manifest before migration
analysis/build_handoff_extension_scoring_cases.py,cli-or-analysis,active-candidate,Review against active manifest before migration
analysis/build_handoff_response_scoring_cases.py,cli-or-analysis,active-candidate,Review against active manifest before migration
analysis/build_land_command_motion_physical_schedule.py,cli-or-analysis,active-candidate,Review against active manifest before migration
analysis/build_legacy_annotation_form.py,cli-or-analysis,active-candidate,Review against active manifest before migration
analysis/build_legacy_calibration_packet.py,cli-or-analysis,active-candidate,Review against active manifest before migration
analysis/build_luna_boat_qualification_suite.py,cli-or-analysis,active-candidate,Review against active manifest before migration
analysis/build_luna_v10_qualification_suite.py,cli-or-analysis,active-candidate,Review against active manifest before migration
analysis/build_luna_v11_qualification_suite.py,cli-or-analysis,active-candidate,Review against active manifest before migration
analysis/build_luna_v12_complete_endpoint_extension.py,cli-or-analysis,active-candidate,Review against active manifest before migration
analysis/build_luna_v12_qualification_suite.py,cli-or-analysis,active-candidate,Review against active manifest before migration
analysis/build_luna_v8_qualification_suite.py,cli-or-analysis,active-candidate,Review against active manifest before migration
analysis/build_luna_v9_development_suite.py,cli-or-analysis,active-candidate,Review against active manifest before migration
analysis/build_measurement_complete_v2_annotation_reference.py,cli-or-analysis,active-candidate,Review against active manifest before migration
analysis/build_nav2_provenance_pilot.py,cli-or-analysis,active-candidate,Review against active manifest before migration
analysis/build_nested_evidence_conditions.py,cli-or-analysis,active-candidate,Review against active manifest before migration
analysis/build_provenance_model_manifest.py,cli-or-analysis,active-candidate,Review against active manifest before migration
analysis/build_raw_baseline_v5_annotation_reference.py,cli-or-analysis,active-candidate,Review against active manifest before migration
analysis/build_raw_baseline_v5_closure_predeclaration.py,cli-or-analysis,active-candidate,Review against active manifest before migration
analysis/build_raw_baseline_v5_contract.py,cli-or-analysis,active-candidate,Review against active manifest before migration
analysis/build_raw_baseline_v5_evidence_closure.py,cli-or-analysis,active-candidate,Review against active manifest before migration
analysis/build_raw_baseline_v5_luna_predeclaration.py,cli-or-analysis,active-candidate,Review against active manifest before migration
analysis/build_raw_diagnostic_baseline_evidence.py,cli-or-analysis,active-candidate,Review against active manifest before migration
analysis/build_transport_corrected_focused_look.py,cli-or-analysis,active-candidate,Review against active manifest before migration
analysis/check_handoff_b4_reference_fidelity.py,cli-or-analysis,active-candidate,Review against active manifest before migration
analysis/claude_cli_caller.py,cli-or-analysis,active-candidate,Review against active manifest before migration
analysis/collect_handoff_fresh_candidates.py,cli-or-analysis,active-candidate,Review against active manifest before migration
analysis/collect_handoff_physical_candidates.py,cli-or-analysis,active-candidate,Review against active manifest before migration
analysis/collect_handoff_response_development.py,cli-or-analysis,active-candidate,Review against active manifest before migration
analysis/compose_contract_complete_answer.py,cli-or-analysis,active-candidate,Review against active manifest before migration
analysis/compose_contract_complete_answer_v3.py,cli-or-analysis,active-candidate,Review against active manifest before migration
analysis/compose_contract_complete_answer_v4.py,cli-or-analysis,active-candidate,Review against active manifest before migration
analysis/compose_contract_complete_answer_v5.py,cli-or-analysis,active-candidate,Review against active manifest before migration
analysis/compose_diagnostic_hypotheses.py,cli-or-analysis,active-candidate,Review against active manifest before migration
analysis/compose_diagnostic_hypotheses_v2.py,cli-or-analysis,active-candidate,Review against active manifest before migration
analysis/compose_land_diagnostics.py,cli-or-analysis,active-candidate,Review against active manifest before migration
analysis/continue_evidence_calibration_pilot_claim_roles.py,cli-or-analysis,active-candidate,Review against active manifest before migration
analysis/crane_explain_core/__init__.py,cli-or-analysis,active-candidate,Review against active manifest before migration
analysis/crane_explain_core/artifacts.py,cli-or-analysis,active-candidate,Review against active manifest before migration
analysis/derive_control_annotation_summary.py,cli-or-analysis,active-candidate,Review against active manifest before migration
analysis/diagnostic_batch_pipeline.py,cli-or-analysis,active-candidate,Review against active manifest before migration
analysis/evaluate_command_motion_missing_odometry.py,cli-or-analysis,active-candidate,Review against active manifest before migration
analysis/evaluate_command_motion_requirements.py,cli-or-analysis,active-candidate,Review against active manifest before migration
analysis/evidence_calibration.py,cli-or-analysis,active-candidate,Review against active manifest before migration
analysis/evidence_calibration_computation_cpu_ledger.py,cli-or-analysis,active-candidate,Review against active manifest before migration
analysis/evidence_calibration_computation_cpu_ledger_v2.py,cli-or-analysis,active-candidate,Review against active manifest before migration
analysis/evidence_calibration_condition_session.py,cli-or-analysis,active-candidate,Review against active manifest before migration
analysis/evidence_calibration_condition_session_v2.py,cli-or-analysis,active-candidate,Review against active manifest before migration
analysis/evidence_calibration_condition_session_v3.py,cli-or-analysis,active-candidate,Review against active manifest before migration
analysis/evidence_calibration_condition_session_v4.py,cli-or-analysis,active-candidate,Review against active manifest before migration
analysis/evidence_calibration_condition_session_v5.py,cli-or-analysis,active-candidate,Review against active manifest before migration
analysis/evidence_calibration_condition_session_v6.py,cli-or-analysis,active-candidate,Review against active manifest before migration
analysis/evidence_calibration_io.py,cli-or-analysis,active-candidate,Review against active manifest before migration
analysis/evidence_calibration_local_tool_sandbox.py,cli-or-analysis,active-candidate,Review against active manifest before migration
analysis/evidence_calibration_local_tool_sandbox_v10.py,cli-or-analysis,current-versioned-review,Review against active manifest before migration
analysis/evidence_calibration_local_tool_sandbox_v9.py,cli-or-analysis,current-versioned-review,Review against active manifest before migration
analysis/evidence_calibration_mcp_stdio.py,cli-or-analysis,active-candidate,Review against active manifest before migration
analysis/evidence_calibration_mcp_stdio_v4.py,cli-or-analysis,active-candidate,Review against active manifest before migration
analysis/evidence_calibration_mcp_stdio_v5.py,cli-or-analysis,active-candidate,Review against active manifest before migration
analysis/evidence_calibration_namespace_wrapper.py,cli-or-analysis,active-candidate,Review against active manifest before migration
analysis/evidence_calibration_neutral_level_qualification.py,cli-or-analysis,active-candidate,Review against active manifest before migration
analysis/evidence_calibration_neutral_level_qualification_v2.py,cli-or-analysis,active-candidate,Review against active manifest before migration
analysis/evidence_calibration_repository_source_binding.py,cli-or-analysis,active-candidate,Review against active manifest before migration
analysis/evidence_calibration_response_egress.py,cli-or-analysis,active-candidate,Review against active manifest before migration
analysis/evidence_calibration_response_egress_v2.py,cli-or-analysis,active-candidate,Review against active manifest before migration
analysis/evidence_calibration_response_egress_v3.py,cli-or-analysis,active-candidate,Review against active manifest before migration
analysis/evidence_calibration_support_execution.py,cli-or-analysis,active-candidate,Review against active manifest before migration
analysis/evidence_calibration_tool_broker.py,cli-or-analysis,active-candidate,Review against active manifest before migration
analysis/evidence_calibration_tool_broker_v4.py,cli-or-analysis,active-candidate,Review against active manifest before migration
analysis/evidence_calibration_tool_broker_v5.py,cli-or-analysis,active-candidate,Review against active manifest before migration
analysis/evidence_calibration_tool_broker_v6.py,cli-or-analysis,active-candidate,Review against active manifest before migration
analysis/evidence_calibration_tool_broker_v7.py,cli-or-analysis,active-candidate,Review against active manifest before migration
analysis/export_command_motion_diagnostic.py,cli-or-analysis,active-candidate,Review against active manifest before migration
analysis/export_geometric_route_diagnostic.py,cli-or-analysis,active-candidate,Review against active manifest before migration
analysis/export_recovery_execution_diagnostic.py,cli-or-analysis,active-candidate,Review against active manifest before migration
analysis/export_roboboat_grid_disconnection.py,cli-or-analysis,active-candidate,Review against active manifest before migration
analysis/export_roboboat_prospective_evidence.py,cli-or-analysis,active-candidate,Review against active manifest before migration
analysis/export_terminal_margin_diagnostic.py,cli-or-analysis,active-candidate,Review against active manifest before migration
analysis/fill_handoff_development_annotation_timeouts.py,cli-or-analysis,active-candidate,Review against active manifest before migration
analysis/focused_first_look_coordinator.py,cli-or-analysis,active-candidate,Review against active manifest before migration
analysis/focused_sequential_monitor.py,cli-or-analysis,active-candidate,Review against active manifest before migration
analysis/focused_sequential_monitor_v2.py,cli-or-analysis,active-candidate,Review against active manifest before migration
analysis/inspect_evidence_calibration_packet.py,cli-or-analysis,active-candidate,Review against active manifest before migration
analysis/join_diagnostic_annotation_keys.py,cli-or-analysis,active-candidate,Review against active manifest before migration
analysis/join_legacy_annotation_key.py,cli-or-analysis,active-candidate,Review against active manifest before migration
analysis/luna_model_judge.py,cli-or-analysis,active-candidate,Review against active manifest before migration
analysis/mask_command_motion_command_evidence_v1.py,cli-or-analysis,active-candidate,Review against active manifest before migration
analysis/mask_command_motion_evidence.py,cli-or-analysis,active-candidate,Review against active manifest before migration
analysis/mask_command_motion_evidence_v2.py,cli-or-analysis,active-candidate,Review against active manifest before migration
analysis/mask_geometric_costmap_evidence.py,cli-or-analysis,active-candidate,Review against active manifest before migration
analysis/maximal_supported_diagnosis.py,cli-or-analysis,active-candidate,Review against active manifest before migration
analysis/normalize_command_motion_evidence.py,cli-or-analysis,active-candidate,Review against active manifest before migration
analysis/observe_evidence_calibration_app_server_mcp.py,cli-or-analysis,active-candidate,Review against active manifest before migration
analysis/observe_evidence_calibration_app_server_mcp_v9.py,cli-or-analysis,current-versioned-review,Review against active manifest before migration
analysis/observe_evidence_calibration_cgroup_limits.py,cli-or-analysis,active-candidate,Review against active manifest before migration
analysis/observe_evidence_calibration_cgroup_sandbox.py,cli-or-analysis,active-candidate,Review against active manifest before migration
analysis/observe_evidence_calibration_cgroup_sandbox_v2.py,cli-or-analysis,active-candidate,Review against active manifest before migration
analysis/observe_evidence_calibration_cgroup_sandbox_v3.py,cli-or-analysis,active-candidate,Review against active manifest before migration
analysis/observe_evidence_calibration_container_runtime_audit.py,cli-or-analysis,active-candidate,Review against active manifest before migration
analysis/observe_evidence_calibration_namespace_status.py,cli-or-analysis,active-candidate,Review against active manifest before migration
analysis/observe_evidence_calibration_namespace_status_v2.py,cli-or-analysis,active-candidate,Review against active manifest before migration
analysis/observe_evidence_calibration_repository_source_binding.py,cli-or-analysis,active-candidate,Review against active manifest before migration
analysis/observe_evidence_calibration_tree_cpu_accounting.py,cli-or-analysis,active-candidate,Review against active manifest before migration
analysis/observe_evidence_calibration_tree_cpu_accounting_v2.py,cli-or-analysis,active-candidate,Review against active manifest before migration
analysis/observe_evidence_calibration_tree_cpu_accounting_v3.py,cli-or-analysis,active-candidate,Review against active manifest before migration
analysis/plan_diagnostic_pilot_power.py,cli-or-analysis,active-candidate,Review against active manifest before migration
analysis/plan_diagnostic_power.py,cli-or-analysis,active-candidate,Review against active manifest before migration
analysis/plan_handoff_valid_episode_power.py,cli-or-analysis,active-candidate,Review against active manifest before migration
analysis/plan_provenance_sample_size.py,cli-or-analysis,active-candidate,Review against active manifest before migration
analysis/power_evidence_calibration_handoff.py,cli-or-analysis,active-candidate,Review against active manifest before migration
analysis/preparation/frozen-land-confirmation-2026-10-01/accounting/snapshot_cohort.py,cli-or-analysis,active-candidate,Review against active manifest before migration
analysis/preparation/frozen-land-confirmation-2026-10-01/analysis/assemble_valid_returns.py,cli-or-analysis,active-candidate,Review against active manifest before migration
analysis/preparation/frozen-land-confirmation-2026-10-01/analysis/export_terminal.py,cli-or-analysis,active-candidate,Review against active manifest before migration
analysis/preparation/frozen-land-confirmation-2026-10-01/analysis/prepare_continuation.py,cli-or-analysis,active-candidate,Review against active manifest before migration
analysis/preparation/frozen-land-confirmation-2026-10-01/analysis/prepare_scoreless_resume.py,cli-or-analysis,active-candidate,Review against active manifest before migration
analysis/preparation/frozen-land-confirmation-2026-10-01/analysis/synthetic_review.py,cli-or-analysis,active-candidate,Review against active manifest before migration
analysis/preparation/frozen-land-confirmation-2026-10-01/validate-dispatch.py,cli-or-analysis,active-candidate,Review against active manifest before migration
analysis/prepare_evidence_calibration_b2_agent.py,cli-or-analysis,active-candidate,Review against active manifest before migration
analysis/prepare_evidence_calibration_b3_ordinary.py,cli-or-analysis,active-candidate,Review against active manifest before migration
analysis/prepare_evidence_calibration_b4_candidate.py,cli-or-analysis,active-candidate,Review against active manifest before migration
analysis/prepare_evidence_calibration_baselines.py,cli-or-analysis,active-candidate,Review against active manifest before migration
analysis/prepare_handoff_final_development_scoring.py,cli-or-analysis,active-candidate,Review against active manifest before migration
analysis/prepare_handoff_fresh_configuration_pool.py,cli-or-analysis,active-candidate,Review against active manifest before migration
analysis/process_annotation_returns.py,cli-or-analysis,active-candidate,Review against active manifest before migration
analysis/qualify_explicit_causal_link_detector.py,cli-or-analysis,active-candidate,Review against active manifest before migration
analysis/realize_evidence_calibrated_explanation.py,cli-or-analysis,active-candidate,Review against active manifest before migration
analysis/realize_evidence_calibrated_explanation_v2.py,cli-or-analysis,active-candidate,Review against active manifest before migration
analysis/realize_evidence_calibrated_explanation_v3.py,cli-or-analysis,active-candidate,Review against active manifest before migration
analysis/realize_evidence_calibrated_explanation_v4.py,cli-or-analysis,active-candidate,Review against active manifest before migration
analysis/realize_evidence_calibrated_explanation_v5.py,cli-or-analysis,active-candidate,Review against active manifest before migration
analysis/realize_evidence_calibrated_explanation_v6.py,cli-or-analysis,active-candidate,Review against active manifest before migration
analysis/realize_evidence_calibrated_explanation_v7.py,cli-or-analysis,active-candidate,Review against active manifest before migration
analysis/recompute_command_motion_diagnostic.py,cli-or-analysis,active-candidate,Review against active manifest before migration
analysis/recompute_command_motion_diagnostic_v2.py,cli-or-analysis,active-candidate,Review against active manifest before migration
analysis/recompute_roboboat_grid_disconnection.py,cli-or-analysis,active-candidate,Review against active manifest before migration
analysis/recompute_terminal_margin_diagnostic.py,cli-or-analysis,active-candidate,Review against active manifest before migration
analysis/reference_command_motion.py,cli-or-analysis,active-candidate,Review against active manifest before migration
analysis/reference_command_motion_missing_command_v1.py,cli-or-analysis,active-candidate,Review against active manifest before migration
analysis/reference_command_motion_missing_odometry_v2.py,cli-or-analysis,active-candidate,Review against active manifest before migration
analysis/reference_command_motion_paired_missing_odometry.py,cli-or-analysis,active-candidate,Review against active manifest before migration
analysis/reference_land_diagnostic_composition.py,cli-or-analysis,active-candidate,Review against active manifest before migration
analysis/reference_land_geometric.py,cli-or-analysis,active-candidate,Review against active manifest before migration
analysis/reference_land_plan_geometry.py,cli-or-analysis,active-candidate,Review against active manifest before migration
analysis/reference_terminal_margin.py,cli-or-analysis,active-candidate,Review against active manifest before migration
analysis/render_command_motion_candidate_v3.py,cli-or-analysis,active-candidate,Review against active manifest before migration
analysis/render_diagnostic_composition.py,cli-or-analysis,active-candidate,Review against active manifest before migration
analysis/render_diagnostic_composition_v2.py,cli-or-analysis,active-candidate,Review against active manifest before migration
analysis/repair_luna_opaque_ids.py,cli-or-analysis,active-candidate,Review against active manifest before migration
analysis/report_evidence_calibration_five_methods_v2.py,cli-or-analysis,active-candidate,Review against active manifest before migration
analysis/rescore_luna_judge_development.py,cli-or-analysis,active-candidate,Review against active manifest before migration
analysis/restore_evidence_calibration_runtime_snapshot.py,cli-or-analysis,active-candidate,Review against active manifest before migration
analysis/results/evidence-calibration-handoff-development/build_pilot_cases.py,cli-or-analysis,active-candidate,Review against active manifest before migration
analysis/results/evidence-calibration-handoff-development/compare_and_merge.py,cli-or-analysis,active-candidate,Review against active manifest before migration
analysis/results/evidence-calibration-handoff-development/run_measurement.py,cli-or-analysis,active-candidate,Review against active manifest before migration
analysis/results/evidence-calibration-handoff-development/summarize_annotations.py,cli-or-analysis,active-candidate,Review against active manifest before migration
analysis/resume_handoff_confirmation_when_available.py,cli-or-analysis,active-candidate,Review against active manifest before migration
analysis/run_actual_episode_pilot.py,cli-or-analysis,active-candidate,Review against active manifest before migration
analysis/run_boat_readiness_canary.py,cli-or-analysis,active-candidate,Review against active manifest before migration
analysis/run_causal_restraint_successor_pair.py,cli-or-analysis,active-candidate,Review against active manifest before migration
analysis/run_checked_composition_multifamily_development.py,cli-or-analysis,active-candidate,Review against active manifest before migration
analysis/run_command_motion_candidate_v2.py,cli-or-analysis,active-candidate,Review against active manifest before migration
analysis/run_command_motion_candidate_v3.py,cli-or-analysis,active-candidate,Review against active manifest before migration
analysis/run_contract_complete_luna_packet.py,cli-or-analysis,active-candidate,Review against active manifest before migration
analysis/run_contract_complete_luna_qualification.py,cli-or-analysis,active-candidate,Review against active manifest before migration
analysis/run_contract_complete_luna_qualification_v2.py,cli-or-analysis,active-candidate,Review against active manifest before migration
analysis/run_contract_complete_response_pair.py,cli-or-analysis,active-candidate,Review against active manifest before migration
analysis/run_contract_complete_response_pair_v3.py,cli-or-analysis,active-candidate,Review against active manifest before migration
analysis/run_contract_complete_response_pair_v4.py,cli-or-analysis,active-candidate,Review against active manifest before migration
analysis/run_contract_complete_response_pair_v5_concise.py,cli-or-analysis,active-candidate,Review against active manifest before migration
analysis/run_contract_limit_luna_qualification.py,cli-or-analysis,active-candidate,Review against active manifest before migration
analysis/run_contract_primary_causal_luna_qualification.py,cli-or-analysis,active-candidate,Review against active manifest before migration
analysis/run_contract_primary_causal_luna_qualification_v2.py,cli-or-analysis,active-candidate,Review against active manifest before migration
analysis/run_coverage_complete_v4_development.py,cli-or-analysis,active-candidate,Review against active manifest before migration
analysis/run_diagnostic_boat_pilot.py,cli-or-analysis,active-candidate,Review against active manifest before migration
analysis/run_diagnostic_command_motion_pilot.py,cli-or-analysis,active-candidate,Review against active manifest before migration
analysis/run_diagnostic_land_pilot.py,cli-or-analysis,active-candidate,Review against active manifest before migration
analysis/run_diagnostic_recovery_pilot.py,cli-or-analysis,active-candidate,Review against active manifest before migration
analysis/run_evidence_calibration_agent_annotation.py,cli-or-analysis,active-candidate,Review against active manifest before migration
analysis/run_evidence_calibration_agent_qualification.py,cli-or-analysis,active-candidate,Review against active manifest before migration
analysis/run_evidence_calibration_atomization_qualification.py,cli-or-analysis,active-candidate,Review against active manifest before migration
analysis/run_evidence_calibration_b2_pilot.py,cli-or-analysis,active-candidate,Review against active manifest before migration
analysis/run_evidence_calibration_claim_role_qualification.py,cli-or-analysis,active-candidate,Review against active manifest before migration
analysis/run_evidence_calibration_claim_role_v2_reference_review.py,cli-or-analysis,active-candidate,Review against active manifest before migration
analysis/run_evidence_calibration_claim_role_v2r2_qualification.py,cli-or-analysis,active-candidate,Review against active manifest before migration
analysis/run_evidence_calibration_combined_support_canary.py,cli-or-analysis,active-candidate,Review against active manifest before migration
analysis/run_evidence_calibration_neutral_level_qualification.py,cli-or-analysis,active-candidate,Review against active manifest before migration
analysis/run_evidence_calibration_neutral_level_qualification_v2.py,cli-or-analysis,active-candidate,Review against active manifest before migration
analysis/run_evidence_calibration_pilot_atomization.py,cli-or-analysis,active-candidate,Review against active manifest before migration
analysis/run_evidence_calibration_pilot_claim_roles.py,cli-or-analysis,active-candidate,Review against active manifest before migration
analysis/run_evidence_calibration_source_context_canary.py,cli-or-analysis,active-candidate,Review against active manifest before migration
analysis/run_focused_response_pair.py,cli-or-analysis,active-candidate,Review against active manifest before migration
analysis/run_frozen_first_look_when_complete.py,cli-or-analysis,active-candidate,Review against active manifest before migration
analysis/run_handoff_confirmation_continuous_queue.py,cli-or-analysis,active-candidate,Review against active manifest before migration
analysis/run_handoff_confirmation_pairs.py,cli-or-analysis,active-candidate,Review against active manifest before migration
analysis/run_handoff_development_extension.py,cli-or-analysis,active-candidate,Review against active manifest before migration
analysis/run_handoff_response_development_outputs.py,cli-or-analysis,active-candidate,Review against active manifest before migration
analysis/run_land_diagnostic_composition_pilot.py,cli-or-analysis,active-candidate,Review against active manifest before migration
analysis/run_llm_episode_pilot.py,cli-or-analysis,active-candidate,Review against active manifest before migration
analysis/run_luna_boat_canary.py,cli-or-analysis,active-candidate,Review against active manifest before migration
analysis/run_luna_boat_qualification.py,cli-or-analysis,active-candidate,Review against active manifest before migration
analysis/run_luna_diagnostic_development.py,cli-or-analysis,active-candidate,Review against active manifest before migration
analysis/run_luna_judge_qualification.py,cli-or-analysis,active-candidate,Review against active manifest before migration
analysis/run_luna_judge_qualification_v5.py,cli-or-analysis,active-candidate,Review against active manifest before migration
analysis/run_luna_judge_qualification_v8.py,cli-or-analysis,active-candidate,Review against active manifest before migration
analysis/run_luna_single_diagnostic_packet.py,cli-or-analysis,active-candidate,Review against active manifest before migration
analysis/run_luna_v10_qualification.py,cli-or-analysis,active-candidate,Review against active manifest before migration
analysis/run_luna_v11_qualification.py,cli-or-analysis,active-candidate,Review against active manifest before migration
analysis/run_luna_v12_complete_endpoint_extension.py,cli-or-analysis,active-candidate,Review against active manifest before migration
analysis/run_luna_v12_qualification.py,cli-or-analysis,active-candidate,Review against active manifest before migration
analysis/run_luna_v9_development.py,cli-or-analysis,active-candidate,Review against active manifest before migration
analysis/run_measurement_complete_v2_development.py,cli-or-analysis,active-candidate,Review against active manifest before migration
analysis/run_provenance_agent_pilot.py,cli-or-analysis,active-candidate,Review against active manifest before migration
analysis/run_provenance_claude_arm.py,cli-or-analysis,active-candidate,Review against active manifest before migration
analysis/run_raw_baseline_v5_development.py,cli-or-analysis,active-candidate,Review against active manifest before migration
analysis/scan_robot_visible_leakage.py,cli-or-analysis,active-candidate,Review against active manifest before migration
analysis/score_contract_complete_judgment.py,cli-or-analysis,active-candidate,Review against active manifest before migration
analysis/sequential_diagnostic_monitor.py,cli-or-analysis,active-candidate,Review against active manifest before migration
analysis/show_development_responses.py,cli-or-analysis,active-candidate,Review against active manifest before migration
analysis/simulate_clustered_power.py,cli-or-analysis,active-candidate,Review against active manifest before migration
analysis/simulate_evidence_calibration_power.py,cli-or-analysis,active-candidate,Review against active manifest before migration
analysis/simulate_sequential_diagnostic_design.py,cli-or-analysis,active-candidate,Review against active manifest before migration
analysis/stage_evidence_calibration_workspace.py,cli-or-analysis,active-candidate,Review against active manifest before migration
analysis/summarize_causal_restraint_successor_pilot.py,cli-or-analysis,active-candidate,Review against active manifest before migration
analysis/summarize_checked_composition_multifamily_screen.py,cli-or-analysis,active-candidate,Review against active manifest before migration
analysis/summarize_claude_arm_model_strength.py,cli-or-analysis,active-candidate,Review against active manifest before migration
analysis/summarize_command_motion_qa.py,cli-or-analysis,active-candidate,Review against active manifest before migration
analysis/summarize_contract_complete_v2_pilot.py,cli-or-analysis,active-candidate,Review against active manifest before migration
analysis/summarize_coverage_complete_v4_screen.py,cli-or-analysis,active-candidate,Review against active manifest before migration
analysis/summarize_development_annotations.py,cli-or-analysis,active-candidate,Review against active manifest before migration
analysis/summarize_diagnostic_development.py,cli-or-analysis,active-candidate,Review against active manifest before migration
analysis/summarize_handoff_development_results.py,cli-or-analysis,active-candidate,Review against active manifest before migration
analysis/summarize_handoff_response_development.py,cli-or-analysis,active-candidate,Review against active manifest before migration
analysis/summarize_measurement_complete_v2_screen.py,cli-or-analysis,active-candidate,Review against active manifest before migration
analysis/summarize_provenance_model_strength.py,cli-or-analysis,active-candidate,Review against active manifest before migration
analysis/summarize_provenance_pilot.py,cli-or-analysis,active-candidate,Review against active manifest before migration
analysis/summarize_raw_baseline_v5_screen.py,cli-or-analysis,active-candidate,Review against active manifest before migration
analysis/test_aggregate_luna_v7_endpoint_extension.py,cli-or-analysis,active-candidate,Review against active manifest before migration
analysis/test_blinded_annotation.py,cli-or-analysis,active-candidate,Review against active manifest before migration
analysis/test_build_checked_composition_annotation_reference.py,cli-or-analysis,active-candidate,Review against active manifest before migration
analysis/test_build_command_motion_composition_packet.py,cli-or-analysis,active-candidate,Review against active manifest before migration
analysis/test_build_command_motion_missing_reference_v2.py,cli-or-analysis,active-candidate,Review against active manifest before migration
analysis/test_build_command_motion_reference_v2.py,cli-or-analysis,active-candidate,Review against active manifest before migration
analysis/test_build_geometric_composition_packet.py,cli-or-analysis,active-candidate,Review against active manifest before migration
analysis/test_build_land_command_motion_physical_schedule.py,cli-or-analysis,active-candidate,Review against active manifest before migration
analysis/test_claude_cli_caller.py,cli-or-analysis,active-candidate,Review against active manifest before migration
analysis/test_command_motion_candidate_v2.py,cli-or-analysis,active-candidate,Review against active manifest before migration
analysis/test_command_motion_diagnostic.py,cli-or-analysis,active-candidate,Review against active manifest before migration
analysis/test_command_motion_diagnostic_adapter.py,cli-or-analysis,active-candidate,Review against active manifest before migration
analysis/test_compose_diagnostic_hypotheses.py,cli-or-analysis,active-candidate,Review against active manifest before migration
analysis/test_control_annotation_summary.py,cli-or-analysis,active-candidate,Review against active manifest before migration
analysis/test_diagnostic_boat_pilot.py,cli-or-analysis,active-candidate,Review against active manifest before migration
analysis/test_diagnostic_command_motion_pilot.py,cli-or-analysis,active-candidate,Review against active manifest before migration
analysis/test_diagnostic_recovery_pilot.py,cli-or-analysis,active-candidate,Review against active manifest before migration
analysis/test_evaluate_command_motion_missing_odometry.py,cli-or-analysis,active-candidate,Review against active manifest before migration
analysis/test_freeze_integrity.py,cli-or-analysis,active-candidate,Review against active manifest before migration
analysis/test_frozen_study_tools.py,cli-or-analysis,active-candidate,Review against active manifest before migration
analysis/test_independent_command_motion_ambiguity_v2.py,cli-or-analysis,active-candidate,Review against active manifest before migration
analysis/test_land_diagnostic_composition.py,cli-or-analysis,active-candidate,Review against active manifest before migration
analysis/test_land_diagnostic_composition_pilot.py,cli-or-analysis,active-candidate,Review against active manifest before migration
analysis/test_mask_command_motion_evidence.py,cli-or-analysis,active-candidate,Review against active manifest before migration
analysis/test_provenance_model_manifest.py,cli-or-analysis,active-candidate,Review against active manifest before migration
analysis/test_recovery_execution_diagnostic_adapter.py,cli-or-analysis,active-candidate,Review against active manifest before migration
analysis/test_reference_command_motion_paired_missing_odometry.py,cli-or-analysis,active-candidate,Review against active manifest before migration
analysis/test_reference_land_geometric.py,cli-or-analysis,active-candidate,Review against active manifest before migration
analysis/test_reference_land_plan_geometry.py,cli-or-analysis,active-candidate,Review against active manifest before migration
analysis/test_reference_terminal_margin.py,cli-or-analysis,active-candidate,Review against active manifest before migration
analysis/test_render_command_motion_candidate_v3.py,cli-or-analysis,active-candidate,Review against active manifest before migration
analysis/test_rescore_luna_judge_development.py,cli-or-analysis,active-candidate,Review against active manifest before migration
analysis/test_run_checked_composition_multifamily_development.py,cli-or-analysis,active-candidate,Review against active manifest before migration
analysis/test_run_command_motion_candidate_v3.py,cli-or-analysis,active-candidate,Review against active manifest before migration
analysis/test_sequential_diagnostic_monitor.py,cli-or-analysis,active-candidate,Review against active manifest before migration
analysis/test_simulate_sequential_diagnostic_design.py,cli-or-analysis,active-candidate,Review against active manifest before migration
analysis/test_terminal_margin_diagnostic_adapter.py,cli-or-analysis,active-candidate,Review against active manifest before migration
analysis/validate_diagnostic_player_build.py,cli-or-analysis,active-candidate,Review against active manifest before migration
analysis/validate_evidence_calibration_atomization.py,cli-or-analysis,active-candidate,Review against active manifest before migration
analysis/validate_evidence_calibration_claim_attachment.py,cli-or-analysis,active-candidate,Review against active manifest before migration
analysis/validate_evidence_calibration_claim_roles.py,cli-or-analysis,active-candidate,Review against active manifest before migration
analysis/validate_evidence_calibration_claim_roles_v2.py,cli-or-analysis,active-candidate,Review against active manifest before migration
analysis/validate_evidence_calibration_ladder_materialization.py,cli-or-analysis,active-candidate,Review against active manifest before migration
analysis/validate_evidence_calibration_ladders.py,cli-or-analysis,active-candidate,Review against active manifest before migration
analysis/validate_evidence_calibration_pilot_inputs.py,cli-or-analysis,active-candidate,Review against active manifest before migration
analysis/validate_frozen_provenance_episode.py,cli-or-analysis,active-candidate,Review against active manifest before migration
analysis/validate_land_scenario_binding.py,cli-or-analysis,active-candidate,Review against active manifest before migration
analysis/validate_runtime_provenance_calibration.py,cli-or-analysis,active-candidate,Review against active manifest before migration
analysis/verify_evidence_calibration_runtime_restoration.py,cli-or-analysis,active-candidate,Review against active manifest before migration
analysis/verify_handoff_secondary_numeric_flags.py,cli-or-analysis,active-candidate,Review against active manifest before migration
scripts/audit_evidence_calibration_freeze_readiness.py,cli-or-analysis,active-candidate,Review against active manifest before migration
scripts/audit_paper_numeric_traceability.py,cli-or-analysis,active-candidate,Review against active manifest before migration
scripts/audit_submission_readiness.py,cli-or-analysis,active-candidate,Review against active manifest before migration
scripts/build_artifact_manifest.py,cli-or-analysis,active-candidate,Review against active manifest before migration
scripts/build_data_manifest.py,cli-or-analysis,active-candidate,Review against active manifest before migration
scripts/build_diagnostic_runtime_manifest.py,cli-or-analysis,active-candidate,Review against active manifest before migration
scripts/build_runtime_manifest.py,cli-or-analysis,active-candidate,Review against active manifest before migration
scripts/build_study_freeze_manifest.py,cli-or-analysis,active-candidate,Review against active manifest before migration
scripts/check_dvc_r2_budget.py,cli-or-analysis,active-candidate,Review against active manifest before migration
scripts/record_build_provenance.py,cli-or-analysis,active-candidate,Review against active manifest before migration
scripts/run_claude_arm_batch.py,cli-or-analysis,active-candidate,Review against active manifest before migration
scripts/run_frozen_provenance_episode.py,cli-or-analysis,active-candidate,Review against active manifest before migration
tests/test_adjudicate_diagnostic_annotations.py,test,active-candidate,Review against active manifest before migration
tests/test_adjudicate_evidence_calibration_annotations.py,test,active-candidate,Review against active manifest before migration
tests/test_agent_atomic_claim_annotation.py,test,active-candidate,Review against active manifest before migration
tests/test_annotation_workbench.py,test,active-candidate,Review against active manifest before migration
tests/test_atomic_claim_annotation_packets.py,test,active-candidate,Review against active manifest before migration
tests/test_audit_command_motion_window_claim.py,test,active-candidate,Review against active manifest before migration
tests/test_audit_evidence_calibration_claim_role_outcome.py,test,active-candidate,Review against active manifest before migration
tests/test_audit_evidence_calibration_claim_role_qualification.py,test,active-candidate,Review against active manifest before migration
tests/test_audit_evidence_calibration_claim_role_v2_desk_review.py,test,active-candidate,Review against active manifest before migration
tests/test_audit_evidence_calibration_claim_role_v2_reference_adjudication.py,test,active-candidate,Review against active manifest before migration
tests/test_audit_evidence_calibration_claim_role_v2r2_final_review.py,test,active-candidate,Review against active manifest before migration
tests/test_audit_evidence_calibration_claim_role_v2r2_outcome.py,test,active-candidate,Review against active manifest before migration
tests/test_audit_evidence_calibration_claim_role_v2r2_qualification.py,test,active-candidate,Review against active manifest before migration
tests/test_audit_evidence_calibration_neutral_level_qualification_v2.py,test,active-candidate,Review against active manifest before migration
tests/test_audit_evidence_calibration_ontology_v2_wording.py,test,active-candidate,Review against active manifest before migration
tests/test_audit_evidence_calibration_pilot_atomic_inventory_batch_9.py,test,active-candidate,Review against active manifest before migration
tests/test_audit_evidence_calibration_pilot_atomic_inventory_project_review_v2.py,test,active-candidate,Review against active manifest before migration
tests/test_audit_evidence_calibration_pilot_atomization.py,test,active-candidate,Review against active manifest before migration
tests/test_audit_evidence_calibration_pilot_deictic_limitation_review.py,test,active-candidate,Review against active manifest before migration
tests/test_audit_evidence_calibration_pilot_extractor_tag_triage.py,test,active-candidate,Review against active manifest before migration
tests/test_audit_evidence_calibration_pilot_full_bank_actor_triage.py,test,active-candidate,Review against active manifest before migration
tests/test_audit_evidence_calibration_pilot_handoff_current.py,test,active-candidate,Review against active manifest before migration
tests/test_audit_evidence_calibration_pilot_inventory_prefix_project_review.py,test,active-candidate,Review against active manifest before migration
tests/test_audit_evidence_calibration_pilot_inventory_triage.py,test,active-candidate,Review against active manifest before migration
tests/test_audit_evidence_calibration_pilot_manual_inventory.py,test,active-candidate,Review against active manifest before migration
tests/test_audit_evidence_calibration_pilot_question_dependent_inventories.py,test,active-candidate,Review against active manifest before migration
tests/test_audit_evidence_calibration_pilot_remaining_complete_inventories.py,test,active-candidate,Review against active manifest before migration
tests/test_audit_evidence_calibration_pilot_role_canary.py,test,active-candidate,Review against active manifest before migration
tests/test_audit_evidence_calibration_pilot_role_inputs.py,test,active-candidate,Review against active manifest before migration
tests/test_audit_evidence_calibration_pilot_role_returns.py,test,active-candidate,Review against active manifest before migration
tests/test_audit_model_artifact_manifest.py,test,active-candidate,Review against active manifest before migration
tests/test_audit_submission_readiness.py,test,active-candidate,Review against active manifest before migration
tests/test_b2_transport_readiness.py,test,active-candidate,Review against active manifest before migration
tests/test_boat_readiness_canary.py,test,active-candidate,Review against active manifest before migration
tests/test_build_adjudication_handoff.py,test,active-candidate,Review against active manifest before migration
tests/test_build_coverage_complete_v4_annotation_reference.py,test,active-candidate,Review against active manifest before migration
tests/test_build_coverage_complete_v4_evidence_complete_reference.py,test,active-candidate,Review against active manifest before migration
tests/test_build_diagnostic_annotation_form.py,test,active-candidate,Review against active manifest before migration
tests/test_build_diagnostic_annotation_packet.py,test,active-candidate,Review against active manifest before migration
tests/test_build_focused_command_motion_reference.py,test,active-candidate,Review against active manifest before migration
tests/test_build_geometric_composition_packet_v5.py,test,active-candidate,Review against active manifest before migration
tests/test_build_legacy_annotation_form.py,test,active-candidate,Review against active manifest before migration
tests/test_build_legacy_calibration_packet.py,test,active-candidate,Review against active manifest before migration
tests/test_build_measurement_complete_v2_annotation_reference.py,test,active-candidate,Review against active manifest before migration
tests/test_build_raw_baseline_v5_annotation_reference.py,test,active-candidate,Review against active manifest before migration
tests/test_build_raw_baseline_v5_evidence_closure.py,test,active-candidate,Review against active manifest before migration
tests/test_build_raw_diagnostic_baseline_evidence.py,test,active-candidate,Review against active manifest before migration
tests/test_causal_restraint_pilot_predeclaration.py,test,active-candidate,Review against active manifest before migration
tests/test_causal_restraint_pilot_resumption.py,test,active-candidate,Review against active manifest before migration
tests/test_causal_restraint_successor_runner.py,test,active-candidate,Review against active manifest before migration
tests/test_causal_restraint_successor_schedule.py,test,active-candidate,Review against active manifest before migration
tests/test_checked_composition_luna_predeclaration.py,test,active-candidate,Review against active manifest before migration
tests/test_claim_aware_realization.py,test,active-candidate,Review against active manifest before migration
tests/test_claim_aware_realization_v2.py,test,active-candidate,Review against active manifest before migration
tests/test_claim_aware_realization_v3.py,test,active-candidate,Review against active manifest before migration
tests/test_claim_aware_realization_v4.py,test,active-candidate,Review against active manifest before migration
tests/test_claim_aware_realization_v6.py,test,active-candidate,Review against active manifest before migration
tests/test_command_motion_candidate_v2_declaration.py,test,active-candidate,Review against active manifest before migration
tests/test_command_motion_candidate_v3_declaration.py,test,active-candidate,Review against active manifest before migration
tests/test_command_motion_layout_freshness.py,test,active-candidate,Review against active manifest before migration
tests/test_composite_mechanism_v6_physical_screen.py,test,active-candidate,Review against active manifest before migration
tests/test_continue_evidence_calibration_pilot_claim_roles.py,test,active-candidate,Review against active manifest before migration
tests/test_contract_complete_annotation_packet.py,test,active-candidate,Review against active manifest before migration
tests/test_contract_complete_candidate.py,test,active-candidate,Review against active manifest before migration
tests/test_contract_complete_concise_candidate.py,test,active-candidate,Review against active manifest before migration
tests/test_contract_complete_concise_predeclaration.py,test,active-candidate,Review against active manifest before migration
tests/test_contract_complete_luna_qualification.py,test,active-candidate,Review against active manifest before migration
tests/test_contract_complete_luna_qualification_v2.py,test,active-candidate,Review against active manifest before migration
tests/test_contract_complete_pilot_schedule.py,test,active-candidate,Review against active manifest before migration
tests/test_contract_complete_v2_pilot_predeclaration.py,test,active-candidate,Review against active manifest before migration
tests/test_contract_complete_v2_pilot_schedule.py,test,active-candidate,Review against active manifest before migration
tests/test_contract_limit_luna_qualification.py,test,active-candidate,Review against active manifest before migration
tests/test_contract_limit_v4_pilot_schedule.py,test,active-candidate,Review against active manifest before migration
tests/test_contract_primary_causal_luna_qualification.py,test,active-candidate,Review against active manifest before migration
tests/test_contract_primary_causal_luna_qualification_v2.py,test,active-candidate,Review against active manifest before migration
tests/test_coverage_complete_v4_evidence_complete_predeclaration.py,test,active-candidate,Review against active manifest before migration
tests/test_coverage_complete_v4_luna_predeclaration.py,test,active-candidate,Review against active manifest before migration
tests/test_coverage_complete_v4_physical_screen.py,test,active-candidate,Review against active manifest before migration
tests/test_coverage_complete_v4_references.py,test,active-candidate,Review against active manifest before migration
tests/test_diagnostic_batch_pipeline.py,test,active-candidate,Review against active manifest before migration
tests/test_dvc_r2_budget.py,test,active-candidate,Review against active manifest before migration
tests/test_dvc_tracking_contract.py,test,active-candidate,Review against active manifest before migration
tests/test_evaluate_command_motion_requirements.py,test,active-candidate,Review against active manifest before migration
tests/test_evidence_calibration.py,test,active-candidate,Review against active manifest before migration
tests/test_evidence_calibration_agent_qualification.py,test,active-candidate,Review against active manifest before migration
tests/test_evidence_calibration_analysis.py,test,active-candidate,Review against active manifest before migration
tests/test_evidence_calibration_app_server_mcp.py,test,active-candidate,Review against active manifest before migration
tests/test_evidence_calibration_app_server_mcp_v9.py,test,current-versioned-review,Review against active manifest before migration
tests/test_evidence_calibration_atomization_bank.py,test,active-candidate,Review against active manifest before migration
tests/test_evidence_calibration_atomization_qualification.py,test,active-candidate,Review against active manifest before migration
tests/test_evidence_calibration_attachment_boundary.py,test,active-candidate,Review against active manifest before migration
tests/test_evidence_calibration_b2_agent.py,test,active-candidate,Review against active manifest before migration
tests/test_evidence_calibration_b2_requests.py,test,active-candidate,Review against active manifest before migration
tests/test_evidence_calibration_b3_ordinary.py,test,active-candidate,Review against active manifest before migration
tests/test_evidence_calibration_b4_candidate.py,test,active-candidate,Review against active manifest before migration
tests/test_evidence_calibration_baselines.py,test,active-candidate,Review against active manifest before migration
tests/test_evidence_calibration_bounded_local_tools.py,test,active-candidate,Review against active manifest before migration
tests/test_evidence_calibration_bounded_scratch.py,test,active-candidate,Review against active manifest before migration
tests/test_evidence_calibration_cgroup_observation.py,test,active-candidate,Review against active manifest before migration
tests/test_evidence_calibration_cgroup_sandbox.py,test,active-candidate,Review against active manifest before migration
tests/test_evidence_calibration_cgroup_sandbox_v3.py,test,active-candidate,Review against active manifest before migration
tests/test_evidence_calibration_claim_attachment.py,test,active-candidate,Review against active manifest before migration
tests/test_evidence_calibration_claim_role_qualification.py,test,active-candidate,Review against active manifest before migration
tests/test_evidence_calibration_claim_role_v2_suite.py,test,active-candidate,Review against active manifest before migration
tests/test_evidence_calibration_claim_role_v2r2_qualification.py,test,active-candidate,Review against active manifest before migration
tests/test_evidence_calibration_claim_role_v2r2_suite.py,test,active-candidate,Review against active manifest before migration
tests/test_evidence_calibration_combined_support_canary.py,test,active-candidate,Review against active manifest before migration
tests/test_evidence_calibration_computation_cpu_ledger.py,test,active-candidate,Review against active manifest before migration
tests/test_evidence_calibration_computation_cpu_ledger_v2.py,test,active-candidate,Review against active manifest before migration
tests/test_evidence_calibration_condition_session.py,test,active-candidate,Review against active manifest before migration
tests/test_evidence_calibration_condition_session_v2.py,test,active-candidate,Review against active manifest before migration
tests/test_evidence_calibration_condition_session_v3.py,test,active-candidate,Review against active manifest before migration
tests/test_evidence_calibration_condition_session_v4.py,test,active-candidate,Review against active manifest before migration
tests/test_evidence_calibration_condition_session_v5.py,test,active-candidate,Review against active manifest before migration
tests/test_evidence_calibration_condition_session_v6.py,test,active-candidate,Review against active manifest before migration
tests/test_evidence_calibration_container_runtime_audit.py,test,active-candidate,Review against active manifest before migration
tests/test_evidence_calibration_context_capacity.py,test,active-candidate,Review against active manifest before migration
tests/test_evidence_calibration_cpu_broker.py,test,active-candidate,Review against active manifest before migration
tests/test_evidence_calibration_cpu_ledger_broker.py,test,active-candidate,Review against active manifest before migration
tests/test_evidence_calibration_end_to_end.py,test,active-candidate,Review against active manifest before migration
tests/test_evidence_calibration_error_budget.py,test,active-candidate,Review against active manifest before migration
tests/test_evidence_calibration_five_method_packet_candidate.py,test,active-candidate,Review against active manifest before migration
tests/test_evidence_calibration_five_method_report_v2.py,test,active-candidate,Review against active manifest before migration
tests/test_evidence_calibration_freeze_readiness.py,test,active-candidate,Review against active manifest before migration
tests/test_evidence_calibration_ladders.py,test,active-candidate,Review against active manifest before migration
tests/test_evidence_calibration_lifecycle_broker.py,test,active-candidate,Review against active manifest before migration
tests/test_evidence_calibration_local_tool_sandbox.py,test,active-candidate,Review against active manifest before migration
tests/test_evidence_calibration_mcp_stdio.py,test,active-candidate,Review against active manifest before migration
tests/test_evidence_calibration_mcp_stdio_v4.py,test,active-candidate,Review against active manifest before migration
tests/test_evidence_calibration_mcp_stdio_v5.py,test,active-candidate,Review against active manifest before migration
tests/test_evidence_calibration_method_packets.py,test,active-candidate,Review against active manifest before migration
tests/test_evidence_calibration_method_preparation.py,test,active-candidate,Review against active manifest before migration
tests/test_evidence_calibration_namespace_lifecycle.py,test,active-candidate,Review against active manifest before migration
tests/test_evidence_calibration_neutral_level_qualification.py,test,active-candidate,Review against active manifest before migration
tests/test_evidence_calibration_neutral_level_qualification_v2.py,test,active-candidate,Review against active manifest before migration
tests/test_evidence_calibration_nominal_alignment.py,test,active-candidate,Review against active manifest before migration
tests/test_evidence_calibration_nominal_ladder_materialization.py,test,active-candidate,Review against active manifest before migration
tests/test_evidence_calibration_pilot_atomization.py,test,active-candidate,Review against active manifest before migration
tests/test_evidence_calibration_pilot_inventory_review.py,test,active-candidate,Review against active manifest before migration
tests/test_evidence_calibration_pilot_question_context.py,test,active-candidate,Review against active manifest before migration
tests/test_evidence_calibration_pilot_rubric.py,test,active-candidate,Review against active manifest before migration
tests/test_evidence_calibration_pilot_rubric_bundle.py,test,active-candidate,Review against active manifest before migration
tests/test_evidence_calibration_pilot_schedule.py,test,active-candidate,Review against active manifest before migration
tests/test_evidence_calibration_pilot_source_context.py,test,active-candidate,Review against active manifest before migration
tests/test_evidence_calibration_pilot_source_context_bundle.py,test,active-candidate,Review against active manifest before migration
tests/test_evidence_calibration_pilot_support_packets.py,test,active-candidate,Review against active manifest before migration
tests/test_evidence_calibration_population.py,test,active-candidate,Review against active manifest before migration
tests/test_evidence_calibration_reference.py,test,active-candidate,Review against active manifest before migration
tests/test_evidence_calibration_repository_source_binding.py,test,active-candidate,Review against active manifest before migration
tests/test_evidence_calibration_response_egress.py,test,active-candidate,Review against active manifest before migration
tests/test_evidence_calibration_response_egress_v2.py,test,active-candidate,Review against active manifest before migration
tests/test_evidence_calibration_response_egress_v3.py,test,active-candidate,Review against active manifest before migration
tests/test_evidence_calibration_restored_runtime_parity.py,test,active-candidate,Review against active manifest before migration
tests/test_evidence_calibration_role_disposition.py,test,active-candidate,Review against active manifest before migration
tests/test_evidence_calibration_runtime_restoration.py,test,active-candidate,Review against active manifest before migration
tests/test_evidence_calibration_runtime_snapshot.py,test,active-candidate,Review against active manifest before migration
tests/test_evidence_calibration_runtime_tree.py,test,active-candidate,Review against active manifest before migration
tests/test_evidence_calibration_sampled_cpu_executor.py,test,active-candidate,Review against active manifest before migration
tests/test_evidence_calibration_sampled_cpu_executor_v10.py,test,current-versioned-review,Review against active manifest before migration
tests/test_evidence_calibration_service_broker.py,test,active-candidate,Review against active manifest before migration
tests/test_evidence_calibration_service_capture.py,test,active-candidate,Review against active manifest before migration
tests/test_evidence_calibration_service_capture_v4.py,test,active-candidate,Review against active manifest before migration
tests/test_evidence_calibration_service_lifecycle.py,test,active-candidate,Review against active manifest before migration
tests/test_evidence_calibration_source_context_canary.py,test,active-candidate,Review against active manifest before migration
tests/test_evidence_calibration_support_execution.py,test,active-candidate,Review against active manifest before migration
tests/test_evidence_calibration_tool_broker.py,test,active-candidate,Review against active manifest before migration
tests/test_evidence_calibration_tree_cpu_accounting.py,test,active-candidate,Review against active manifest before migration
tests/test_evidence_calibration_workspace.py,test,active-candidate,Review against active manifest before migration
tests/test_explicit_causal_link_audit.py,test,active-candidate,Review against active manifest before migration
tests/test_export_geometric_route_diagnostic.py,test,active-candidate,Review against active manifest before migration
tests/test_export_roboboat_grid_disconnection.py,test,active-candidate,Review against active manifest before migration
tests/test_export_roboboat_prospective_evidence.py,test,active-candidate,Review against active manifest before migration
tests/test_export_terminal_margin_diagnostic.py,test,active-candidate,Review against active manifest before migration
tests/test_focused_coordinator_amendment.py,test,active-candidate,Review against active manifest before migration
tests/test_focused_coordinator_amendment_2.py,test,active-candidate,Review against active manifest before migration
tests/test_focused_first_look_coordinator.py,test,active-candidate,Review against active manifest before migration
tests/test_focused_sequential_monitor.py,test,active-candidate,Review against active manifest before migration
tests/test_focused_strength_protocol.py,test,active-candidate,Review against active manifest before migration
tests/test_handoff_confirmation_freeze.py,test,active-candidate,Review against active manifest before migration
tests/test_handoff_paired_interval.py,test,active-candidate,Review against active manifest before migration
tests/test_join_diagnostic_annotation_keys.py,test,active-candidate,Review against active manifest before migration
tests/test_join_legacy_annotation_key.py,test,active-candidate,Review against active manifest before migration
tests/test_land_command_motion_physical_contract.py,test,active-candidate,Review against active manifest before migration
tests/test_luna_boat_qualification.py,test,active-candidate,Review against active manifest before migration
tests/test_luna_judge_qualification.py,test,active-candidate,Review against active manifest before migration
tests/test_luna_judge_qualification_v5.py,test,active-candidate,Review against active manifest before migration
tests/test_luna_judge_qualification_v7.py,test,active-candidate,Review against active manifest before migration
tests/test_luna_judge_qualification_v8.py,test,active-candidate,Review against active manifest before migration
tests/test_luna_model_judge.py,test,active-candidate,Review against active manifest before migration
tests/test_luna_v10_qualification.py,test,active-candidate,Review against active manifest before migration
tests/test_luna_v11_qualification.py,test,active-candidate,Review against active manifest before migration
tests/test_luna_v12_complete_endpoint_extension.py,test,active-candidate,Review against active manifest before migration
tests/test_luna_v12_qualification.py,test,active-candidate,Review against active manifest before migration
tests/test_luna_v9_development.py,test,active-candidate,Review against active manifest before migration
tests/test_mask_geometric_costmap_evidence.py,test,active-candidate,Review against active manifest before migration
tests/test_maximal_supported_diagnosis.py,test,active-candidate,Review against active manifest before migration
tests/test_measurement_complete_composition_v2.py,test,active-candidate,Review against active manifest before migration
tests/test_measurement_complete_v2_luna_predeclaration.py,test,active-candidate,Review against active manifest before migration
tests/test_measurement_complete_v2_physical_screen.py,test,active-candidate,Review against active manifest before migration
tests/test_nested_evidence_conditions.py,test,active-candidate,Review against active manifest before migration
tests/test_normalize_command_motion_evidence.py,test,active-candidate,Review against active manifest before migration
tests/test_plan_diagnostic_pilot_power.py,test,active-candidate,Review against active manifest before migration
tests/test_plan_diagnostic_power.py,test,active-candidate,Review against active manifest before migration
tests/test_process_annotation_returns.py,test,active-candidate,Review against active manifest before migration
tests/test_qualify_explicit_causal_link_detector.py,test,active-candidate,Review against active manifest before migration
tests/test_raw_baseline_v5_closure_predeclaration.py,test,active-candidate,Review against active manifest before migration
tests/test_raw_baseline_v5_luna_predeclaration.py,test,active-candidate,Review against active manifest before migration
tests/test_record_build_provenance.py,test,active-candidate,Review against active manifest before migration
tests/test_render_diagnostic_composition.py,test,active-candidate,Review against active manifest before migration
tests/test_repair_luna_opaque_ids.py,test,active-candidate,Review against active manifest before migration
tests/test_retained_run_annotation_inventory.py,test,active-candidate,Review against active manifest before migration
tests/test_roboboat_external_validity_registry.py,test,active-candidate,Review against active manifest before migration
tests/test_run_contract_complete_luna_packet.py,test,active-candidate,Review against active manifest before migration
tests/test_run_coverage_complete_v4_development.py,test,active-candidate,Review against active manifest before migration
tests/test_run_diagnostic_land_capture.py,test,active-candidate,Review against active manifest before migration
tests/test_run_diagnostic_land_pilot.py,test,active-candidate,Review against active manifest before migration
tests/test_run_evidence_calibration_b2_pilot.py,test,active-candidate,Review against active manifest before migration
tests/test_run_evidence_calibration_claim_role_v2_reference_review.py,test,active-candidate,Review against active manifest before migration
tests/test_run_evidence_calibration_neutral_level_qualification.py,test,active-candidate,Review against active manifest before migration
tests/test_run_evidence_calibration_neutral_level_qualification_v2.py,test,active-candidate,Review against active manifest before migration
tests/test_run_evidence_calibration_pilot_claim_roles.py,test,active-candidate,Review against active manifest before migration
tests/test_run_luna_diagnostic_development.py,test,active-candidate,Review against active manifest before migration
tests/test_run_luna_single_diagnostic_packet.py,test,active-candidate,Review against active manifest before migration
tests/test_run_measurement_complete_v2_development.py,test,active-candidate,Review against active manifest before migration
tests/test_run_raw_baseline_v5_development.py,test,active-candidate,Review against active manifest before migration
tests/test_run_roboboat_hidden_render.py,test,active-candidate,Review against active manifest before migration
tests/test_score_contract_complete_judgment.py,test,active-candidate,Review against active manifest before migration
tests/test_simulate_clustered_power.py,test,active-candidate,Review against active manifest before migration
tests/test_summarize_causal_restraint_successor_pilot.py,test,active-candidate,Review against active manifest before migration
tests/test_summarize_checked_composition_multifamily_screen.py,test,active-candidate,Review against active manifest before migration
tests/test_summarize_contract_complete_v2_pilot.py,test,active-candidate,Review against active manifest before migration
tests/test_summarize_coverage_complete_v4_evidence_complete.py,test,active-candidate,Review against active manifest before migration
tests/test_summarize_coverage_complete_v4_screen.py,test,active-candidate,Review against active manifest before migration
tests/test_summarize_diagnostic_development.py,test,active-candidate,Review against active manifest before migration
tests/test_summarize_measurement_complete_v2_screen.py,test,active-candidate,Review against active manifest before migration
tests/test_summarize_raw_baseline_v5_closure_screen.py,test,active-candidate,Review against active manifest before migration
tests/test_summarize_raw_baseline_v5_screen.py,test,active-candidate,Review against active manifest before migration
tests/test_validate_diagnostic_player_build.py,test,active-candidate,Review against active manifest before migration
tests/test_validate_evidence_calibration_atomization.py,test,active-candidate,Review against active manifest before migration
tests/test_validate_evidence_calibration_claim_roles.py,test,active-candidate,Review against active manifest before migration
tests/test_validate_evidence_calibration_claim_roles_v2.py,test,active-candidate,Review against active manifest before migration
tests/test_validate_evidence_calibration_pilot_inputs.py,test,active-candidate,Review against active manifest before migration
tests/test_validate_land_scenario_binding.py,test,active-candidate,Review against active manifest before migration
