timestampUnix,role,container,cpuPercent,memoryUsage
1790883860.685695009,endpoint,crane-endpoint-boat-start-navigation-v24-001-01,0.34%,41.06MiB / 31.15GiB
1790883860.685695009,controller,crane-controller-boat-start-navigation-v24-001-01,1.70%,87.83MiB / 31.15GiB
1790883865.189197373,endpoint,crane-endpoint-boat-start-navigation-v24-001-01,17.13%,58.6MiB / 31.15GiB
1790883865.189197373,controller,crane-controller-boat-start-navigation-v24-001-01,29.52%,149.8MiB / 31.15GiB
1790883870.210790632,endpoint,crane-endpoint-boat-start-navigation-v24-001-01,13.48%,75.29MiB / 31.15GiB
1790883870.210790632,controller,crane-controller-boat-start-navigation-v24-001-01,19.62%,115.3MiB / 31.15GiB
1790883875.219431758,endpoint,crane-endpoint-boat-start-navigation-v24-001-01,17.29%,74.88MiB / 31.15GiB
1790883875.219431758,controller,crane-controller-boat-start-navigation-v24-001-01,17.22%,114.5MiB / 31.15GiB
1790883880.238076304,endpoint,crane-endpoint-boat-start-navigation-v24-001-01,15.12%,74.47MiB / 31.15GiB
1790883880.238076304,controller,crane-controller-boat-start-navigation-v24-001-01,19.01%,114.5MiB / 31.15GiB
1790883885.263129841,endpoint,crane-endpoint-boat-start-navigation-v24-001-01,16.29%,76.19MiB / 31.15GiB
1790883885.263129841,controller,crane-controller-boat-start-navigation-v24-001-01,18.94%,113.8MiB / 31.15GiB
1790883890.267582658,endpoint,crane-endpoint-boat-start-navigation-v24-001-01,15.18%,75.55MiB / 31.15GiB
1790883890.267582658,controller,crane-controller-boat-start-navigation-v24-001-01,16.02%,113.8MiB / 31.15GiB
1790883894.297188497,endpoint,crane-endpoint-boat-start-navigation-v24-001-01,14.67%,75.96MiB / 31.15GiB
1790883894.297188497,controller,crane-controller-boat-start-navigation-v24-001-01,18.92%,113.6MiB / 31.15GiB
1790883898.338771161,endpoint,crane-endpoint-boat-start-navigation-v24-001-01,16.10%,76.49MiB / 31.15GiB
1790883898.338771161,controller,crane-controller-boat-start-navigation-v24-001-01,18.27%,113.9MiB / 31.15GiB
1790883903.360543841,endpoint,crane-endpoint-boat-start-navigation-v24-001-01,14.43%,75.92MiB / 31.15GiB
1790883903.360543841,controller,crane-controller-boat-start-navigation-v24-001-01,17.89%,113.9MiB / 31.15GiB
1790883908.373874058,endpoint,crane-endpoint-boat-start-navigation-v24-001-01,13.89%,76.61MiB / 31.15GiB
1790883908.373874058,controller,crane-controller-boat-start-navigation-v24-001-01,18.41%,113.9MiB / 31.15GiB
